Property_id,Census Tract,Total Population,Median Household Income,White alone,Black or African American alone,American Indian and Alaska Native alone,Asian alone,Native Hawaiian and Other Pacific Islander alone,Some other race alone,Two or more races,Age 0-17,Age 18-34,Age 35-64,Age 65+
1,6085503117,2972,74643,578,49,88,1368,16,799,74,1475,70,82,187
2,6077005309,2651,80750,2052,0,53,31,0,353,162,1162,73,84,70
3,6055201004,6383,88264,1690,478,7,2196,74,1226,712,3297,179,206,381
4,6095250105,6983,103567,1360,1190,34,3468,36,467,428,3193,51,242,247
5,6085505202,6998,93728,2832,141,56,2211,297,981,480,3851,252,97,158
6,6001451601,5730,171144,4629,7,6,578,25,133,352,2591,107,163,178
7,6077002401,5476,40192,2225,173,6,892,0,1300,880,2803,272,262,355
8,6001437600,3488,99219,960,231,22,1410,69,596,200,1655,144,92,111
9,6085500901,4326,95903,1489,290,8,2083,0,300,156,2307,0,10,20
10,6013302009,6834,108800,1755,1587,0,1740,9,1067,676,3360,293,81,199
11,6077003804,5765,75508,2185,895,158,1319,0,332,876,3078,77,367,328
12,6001441200,6831,128608,2801,118,19,3113,0,434,346,3395,238,132,244
13,6077005133,4411,88068,2766,358,50,183,97,643,314,2263,198,132,141
14,6077005309,2651,80750,2052,0,53,31,0,353,162,1162,73,84,70
15,6001435300,4943,78750,1772,1108,6,803,178,637,439,2552,85,124,252
16,6085501602,3792,55550,1344,116,67,595,0,1518,152,2253,73,106,35
17,6077005122,7453,94322,2880,205,37,1141,309,525,2356,4336,788,622,247
18,6075061200,3769,90099,657,999,24,1080,0,870,139,2098,24,61,78
19,6085512314,7070,83201,4654,62,38,736,0,543,1037,3304,319,107,173
20,6077003504,8762,76399,1449,976,45,3508,309,875,1600,4323,556,242,284
21,6001402700,1927,90625,680,689,10,259,0,213,76,862,23,44,37
22,6013307205,8047,58430,3458,1968,12,559,14,787,1249,3913,682,288,186
23,6077005133,4411,88068,2766,358,50,183,97,643,314,2263,198,132,141
24,6001435500,4192,60714,1846,557,58,316,109,1115,191,1995,26,182,164
25,6077005140,4043,66919,2662,3,29,67,0,707,575,2471,227,183,219
26,6081607400,4806,105972,2768,61,0,1055,0,360,562,2304,143,155,113
27,6081605800,2547,182826,2199,0,0,277,0,23,48,1186,111,59,82
28,6081605800,2547,182826,2199,0,0,277,0,23,48,1186,111,59,82
29,6077005137,7629,102000,4432,280,159,1458,0,348,952,3548,196,345,272
30,6095252204,5220,121587,2485,797,0,770,194,334,640,2528,141,185,160
31,6095252102,4292,96713,2837,59,13,376,45,176,786,2161,372,134,86
32,6001440306,4119,92813,531,171,3,2739,94,227,354,2018,90,94,114
33,6013307205,8047,58430,3458,1968,12,559,14,787,1249,3913,682,288,186
34,6081604200,4585,99417,1197,34,2,974,196,1536,646,2225,115,166,131
35,6075016000,2717,112969,1158,157,0,856,0,59,487,1446,25,0,0
36,6013327001,3445,73680,1948,358,35,142,0,758,204,1496,64,36,20
37,6013367200,6102,79356,1699,896,0,1518,174,1537,278,2910,70,183,207
38,6001451504,1630,133333,949,17,5,386,0,0,273,769,58,115,30
39,6095250900,2787,38214,578,1364,18,528,0,76,223,1169,324,35,24
40,6075016400,3999,171477,2883,262,12,398,0,143,301,2077,148,32,10
41,6001407000,5780,67000,1364,1090,53,1290,0,913,1070,2559,197,34,151
42,6001441602,8010,111311,2309,128,0,3602,361,1121,489,3602,224,304,241
43,6013364002,5479,94313,1802,919,58,1351,0,931,418,2677,118,136,188
44,6001432700,2839,108167,1927,125,20,486,12,149,120,1460,16,49,138
45,6075020900,4546,130500,2480,123,3,624,0,926,390,2219,125,54,63
46,6081612600,4537,140795,3482,28,31,753,2,94,147,1989,194,162,21
47,6085501401,2793,54907,963,151,17,408,25,911,318,1475,171,135,122
48,6077003119,3027,106488,1734,148,0,965,0,58,122,1640,58,173,99
49,6085510700,5169,183594,2066,192,0,2667,0,49,195,2646,181,234,83
50,6085503508,5896,97411,1742,143,33,973,211,2367,427,3036,216,214,290
51,6095252402,5738,66875,2968,469,85,583,0,432,1201,2811,251,353,173
52,6001406201,4954,53118,354,925,69,1403,18,2090,95,2668,197,237,319
53,6075020102,2860,114375,1539,253,16,723,0,198,131,1913,0,0,18
54,6001430900,5384,83571,2798,459,60,1048,29,197,793,2674,223,174,99
55,6041107000,6738,157854,5642,4,0,300,0,198,594,2972,38,212,331
56,6041108201,2360,54205,1178,43,0,155,0,571,413,1263,29,0,187
57,6077003307,4842,43563,1650,418,109,1071,10,397,1187,2252,156,168,169
58,6001423901,2160,99271,1407,237,17,197,0,79,223,1115,55,15,41
59,6001407500,4242,35047,560,1037,36,569,4,1737,299,2166,203,255,183
60,6095250900,2787,38214,578,1364,18,528,0,76,223,1169,324,35,24
61,6075033002,3986,152723,1588,16,0,1996,0,23,363,2109,108,146,80
62,6075022704,3421,235139,2111,22,0,774,0,32,482,1819,112,45,28
63,6001441525,807,128750,75,23,0,595,0,101,13,397,46,25,24
64,6085509404,6398,121263,2592,33,18,2433,14,1117,191,3301,223,114,114
65,6013305000,6078,43974,2614,948,50,608,0,900,958,2807,195,179,195
66,6001450746,3531,150147,2414,30,0,838,0,84,165,1812,73,119,231
67,6081605502,2533,151875,1539,4,9,667,0,162,152,1287,239,130,0
68,6097150205,3968,95697,3301,0,0,272,0,93,302,1727,155,10,45
69,6085509201,5979,139013,3130,408,15,2072,0,96,258,3012,199,83,47
70,6001436200,4208,56223,1337,851,7,466,39,1212,296,2458,237,379,145
71,6085512314,7070,83201,4654,62,38,736,0,543,1037,3304,319,107,173
72,6085504322,6058,111643,886,413,0,4487,0,261,11,3000,222,193,101
73,6001428200,6782,91705,3921,291,0,1576,10,556,428,2857,120,125,310
74,6001450746,3531,150147,2414,30,0,838,0,84,165,1812,73,119,231
75,6085507905,5339,142692,1078,317,0,3779,0,25,140,2635,203,84,183
76,6095250105,6983,103567,1360,1190,34,3468,36,467,428,3193,51,242,247
77,6075012405,3381,113975,1457,379,40,917,46,82,460,2100,0,13,0
78,6085512310,5328,88229,3393,145,0,766,0,437,587,2729,568,142,215
79,6013308001,7951,70414,3816,800,40,476,73,1061,1685,3847,141,121,177
80,6081604000,3313,118375,1775,0,0,741,0,388,409,1598,97,87,63
81,6001450752,7680,236795,1837,251,5,4963,59,162,403,4009,307,456,481
82,6095253502,4636,68707,3596,624,20,1,18,269,108,2066,0,158,19
83,6085504802,5165,109783,1612,84,32,2469,44,815,109,2772,241,108,79
84,6001420302,2561,84728,864,81,39,921,0,360,296,1159,79,50,74
85,6075011002,2266,124457,1259,4,0,910,0,14,79,1067,36,0,0
86,6075026301,5561,89375,1006,80,0,3332,41,917,185,2805,102,190,152
87,6075011002,2266,124457,1259,4,0,910,0,14,79,1067,36,0,0
88,6077000300,2103,23789,818,482,8,291,7,342,155,942,59,129,26
89,6085504322,6058,111643,886,413,0,4487,0,261,11,3000,222,193,101
90,6001428302,7802,175652,3716,131,0,3153,0,210,592,3775,216,330,161
91,6013345203,7173,133086,6335,118,1,424,0,80,215,3356,78,343,371
92,6013371000,5927,86959,2855,571,6,1032,0,942,521,2806,155,142,113
93,6085505202,6998,93728,2832,141,56,2211,297,981,480,3851,252,97,158
94,6085500100,7074,129327,2466,419,42,1907,0,1453,787,3713,172,193,147
95,6085505010,4400,167786,996,524,40,2163,0,309,368,2276,24,210,93
96,6085505100,4093,92375,1281,160,1,1674,7,503,467,2123,170,35,70
97,6085500200,6285,143333,2489,328,39,1056,0,1385,988,3890,389,50,126
98,6041106001,4584,92949,3128,67,13,776,0,313,287,2027,20,190,159
99,6041106001,4584,92949,3128,67,13,776,0,313,287,2027,20,190,159
100,6085503105,2466,47411,386,0,0,1418,0,542,120,1160,59,44,81
101,6001451504,1630,133333,949,17,5,386,0,0,273,769,58,115,30
102,6085512314,7070,83201,4654,62,38,736,0,543,1037,3304,319,107,173
103,6001409000,4756,53580,293,1456,55,252,0,2486,214,2512,313,128,125
104,6085508708,3880,189908,901,23,0,2721,0,0,235,2399,324,62,0
105,6001403800,3514,128782,2343,562,6,436,5,27,135,1632,133,46,34
106,6075012100,3586,75316,1895,166,0,1034,0,152,339,1668,14,0,30
107,6001436602,4765,66389,1249,620,0,1033,75,976,812,2435,244,113,278
108,6075012203,1920,88450,1002,176,0,490,0,70,182,1130,83,70,0
109,6077000600,1793,25383,898,189,32,180,55,348,91,965,105,55,66
110,6075012100,3586,75316,1895,166,0,1034,0,152,339,1668,14,0,30
111,6085504322,6058,111643,886,413,0,4487,0,261,11,3000,222,193,101
112,6085506502,4199,108571,2725,251,0,380,0,287,556,2043,94,205,74
113,6085503105,2466,47411,386,0,0,1418,0,542,120,1160,59,44,81
114,6085503105,2466,47411,386,0,0,1418,0,542,120,1160,59,44,81
115,6085510001,6264,236820,3798,14,0,2217,0,19,216,3103,84,153,178
116,6085506502,4199,108571,2725,251,0,380,0,287,556,2043,94,205,74
117,6077005213,3004,121844,1830,78,16,362,0,58,660,1471,117,38,225
118,6085502002,5963,84125,3005,163,5,363,0,1947,480,3556,133,369,196
119,6085503105,2466,47411,386,0,0,1418,0,542,120,1160,59,44,81
120,6085500100,7074,129327,2466,419,42,1907,0,1453,787,3713,172,193,147
121,6077003203,3438,74283,2262,217,17,227,0,76,639,1536,37,79,80
122,6001450746,3531,150147,2414,30,0,838,0,84,165,1812,73,119,231
123,6097150306,4243,82959,3174,182,0,82,10,610,185,1942,139,37,38
124,6085506202,8586,156039,2985,431,40,4078,0,321,731,4387,235,476,421
125,6085503105,2466,47411,386,0,0,1418,0,542,120,1160,59,44,81
126,6075061101,1913,20159,80,0,0,1808,0,0,25,1010,0,15,42
127,6075015900,4652,97869,1466,526,61,2055,0,258,286,2323,18,15,242
128,6001403501,4454,57132,1828,1108,39,985,65,42,387,2159,50,16,18
129,6075023001,5125,77462,725,443,0,3492,0,273,192,2725,83,124,94
130,6055201005,2407,101875,896,77,9,685,0,301,439,1101,35,87,92
131,6001450300,5239,115887,3286,344,19,1352,0,90,148,2499,214,285,109
132,6077001300,5176,57539,2785,545,83,172,0,575,1016,2230,44,100,251
133,6055201005,2407,101875,896,77,9,685,0,301,439,1101,35,87,92
134,6001408800,6622,29024,691,2503,31,363,144,2171,719,3016,374,264,329
135,6001405600,3171,70909,919,587,102,967,0,327,269,1593,66,82,33
136,6085501300,4093,130885,2196,246,2,878,12,518,241,2264,75,54,40
137,6081610601,6272,63333,2497,95,18,293,0,2144,1225,3061,255,389,147
138,6075020900,4546,130500,2480,123,3,624,0,926,390,2219,125,54,63
139,6013304007,5706,128339,4292,405,6,516,48,27,412,2866,335,142,279
140,6013355113,5307,210417,3044,467,0,1390,32,0,374,2694,162,104,192
141,6001406000,3890,47015,959,723,6,1454,7,590,151,1609,19,75,59
142,6001451104,7280,156463,4311,103,20,1823,68,526,429,3814,393,330,285
143,6085511911,4893,136635,3345,193,13,1020,0,50,272,2390,13,195,105
144,6085503304,7373,86017,1705,327,169,3926,34,899,313,4080,187,278,497
145,6001435400,4584,67714,1734,890,14,868,111,551,416,2221,115,66,46
146,6055201005,2407,101875,896,77,9,685,0,301,439,1101,35,87,92
147,6077000900,5769,54754,3439,494,27,589,0,521,699,2498,219,253,92
148,6085506402,5714,91667,3724,287,0,780,40,371,512,2911,176,139,119
149,6077000700,4680,31939,2818,231,10,445,0,793,383,2215,177,186,104
150,6075023200,4326,102938,638,1053,9,1168,0,1286,172,2083,96,101,75
151,6085504322,6058,111643,886,413,0,4487,0,261,11,3000,222,193,101
152,6085503105,2466,47411,386,0,0,1418,0,542,120,1160,59,44,81
153,6081601902,5706,99462,2603,99,16,2239,0,499,250,2970,74,208,201
154,6077003111,4245,58209,1555,602,0,881,0,338,869,2121,109,72,56
155,6085503105,2466,47411,386,0,0,1418,0,542,120,1160,59,44,81
156,6085501300,4093,130885,2196,246,2,878,12,518,241,2264,75,54,40
157,6001404502,5893,198578,4375,236,9,768,0,135,370,2736,178,268,84
158,6085500901,4326,95903,1489,290,8,2083,0,300,156,2307,0,10,20
159,6085503105,2466,47411,386,0,0,1418,0,542,120,1160,59,44,81
160,6055201005,2407,101875,896,77,9,685,0,301,439,1101,35,87,92
161,6081601902,5706,99462,2603,99,16,2239,0,499,250,2970,74,208,201
162,6001435400,4584,67714,1734,890,14,868,111,551,416,2221,115,66,46
163,6001450743,7056,135708,1624,288,166,4043,13,307,615,3884,233,403,259
164,6081610500,5191,81173,2345,44,83,105,0,1897,717,2550,182,87,198
165,6001441525,807,128750,75,23,0,595,0,101,13,397,46,25,24
166,6075047701,4947,89922,1777,0,0,2367,0,188,615,2191,87,92,74
167,6081609201,3246,164524,2483,8,0,437,0,79,239,1608,135,109,135
168,6001441200,6831,128608,2801,118,19,3113,0,434,346,3395,238,132,244
169,6085503122,3588,41842,439,180,38,1912,0,813,206,1973,69,252,122
170,6085506402,5714,91667,3724,287,0,780,40,371,512,2911,176,139,119
171,6075025401,4005,169712,2443,117,10,378,0,454,603,2146,262,125,80
172,6013340001,6205,88340,3924,247,50,1458,95,45,386,3106,396,263,224
173,6001428000,3168,92344,1131,243,12,880,0,367,535,1329,123,54,82
174,6085504322,6058,111643,886,413,0,4487,0,261,11,3000,222,193,101
175,6085501000,5156,40429,1828,581,0,1002,114,1170,461,2845,44,68,144
176,6085503105,2466,47411,386,0,0,1418,0,542,120,1160,59,44,81
177,6077003110,4078,49167,1667,792,0,448,0,142,1029,2020,232,91,125
178,6013321200,5577,93244,2928,173,27,1780,22,282,365,2569,229,33,88
179,6085500901,4326,95903,1489,290,8,2083,0,300,156,2307,0,10,20
180,6055201005,2407,101875,896,77,9,685,0,301,439,1101,35,87,92
181,6001432400,6983,78750,3167,438,57,1814,227,822,458,3604,176,268,234
182,6085503105,2466,47411,386,0,0,1418,0,542,120,1160,59,44,81
183,6001405600,3171,70909,919,587,102,967,0,327,269,1593,66,82,33
184,6077001101,5196,61543,3304,289,15,196,0,871,521,2599,40,254,338
185,6085503105,2466,47411,386,0,0,1418,0,542,120,1160,59,44,81
186,6085502202,2802,101071,1793,144,15,411,0,191,248,1094,47,36,28
187,6077001501,5683,63209,2324,208,14,1665,0,318,1154,2955,487,217,184
188,6077003116,3202,28291,1055,87,11,753,0,280,1016,1375,156,117,23
189,6055200503,1798,75862,1164,7,56,230,0,288,53,980,36,20,13
190,6041102100,2234,127721,1979,9,0,142,0,15,89,1121,31,27,91
191,6013313102,4367,78856,973,1093,67,936,60,573,665,2258,238,120,96
192,6001402802,1337,12190,375,585,0,240,0,65,72,703,0,0,0
193,6075012100,3586,75316,1895,166,0,1034,0,152,339,1668,14,0,30
194,6081606000,5419,85227,2923,343,0,650,165,935,403,3160,251,367,14
195,6001401600,2223,52463,627,722,3,180,22,385,284,1125,28,23,73
196,6085503105,2466,47411,386,0,0,1418,0,542,120,1160,59,44,81
197,6001450609,4988,150202,2690,185,0,1663,0,1,449,2570,149,113,195
198,6013318000,3629,83480,2684,171,0,367,0,160,247,1787,136,114,106
199,6077005126,4775,57534,2836,132,34,126,25,1228,394,2332,113,294,145
200,6001434000,5073,53014,2132,596,14,1036,17,934,344,2504,68,257,180
201,6085507808,5680,214211,1036,0,0,4443,16,0,185,2966,68,281,275
202,6081602202,2945,76815,751,19,0,768,0,1375,32,1562,69,125,65
203,6085503222,6121,64190,463,0,0,2000,306,2244,1108,3272,240,74,505
204,6001432601,3957,88011,1449,643,24,984,39,673,145,1897,172,91,0
205,6077002402,1705,48510,711,190,0,381,0,354,69,831,23,36,55
206,6013303207,7113,98420,2068,2508,25,851,2,500,1159,3052,134,370,256
207,6001436100,6187,98047,2566,279,32,1989,236,827,258,3010,175,122,219
208,6085503208,3858,126058,1640,32,5,1228,0,583,370,1882,139,101,92
209,6001406602,2417,49232,457,544,19,780,4,474,139,1252,102,40,87
210,6085503105,2466,47411,386,0,0,1418,0,542,120,1160,59,44,81
211,6001442301,5443,130015,1643,207,49,2701,54,440,349,2888,162,200,275
212,6001409000,4756,53580,293,1456,55,252,0,2486,214,2512,313,128,125
213,6085503105,2466,47411,386,0,0,1418,0,542,120,1160,59,44,81
214,6097153301,6834,88818,3690,105,24,331,11,2191,482,3383,242,162,118
215,6001406100,4721,65893,1543,444,283,792,27,1366,266,2601,174,0,139
216,6013386000,3669,53281,1350,246,74,1462,44,113,380,1585,28,17,72
217,6001437900,2345,95577,551,207,83,489,189,736,90,1126,51,80,68
218,6085503105,2466,47411,386,0,0,1418,0,542,120,1160,59,44,81
219,6013320001,2999,85500,2080,16,0,212,98,409,184,1669,168,84,117
220,6085503105,2466,47411,386,0,0,1418,0,542,120,1160,59,44,81
221,6001401500,2816,70033,980,1228,11,116,19,214,248,1569,56,49,34
222,6001406000,3890,47015,959,723,6,1454,7,590,151,1609,19,75,59
223,6075030900,6803,183421,2905,77,32,2929,2,113,745,2877,19,137,150
224,6001401500,2816,70033,980,1228,11,116,19,214,248,1569,56,49,34
225,6001409400,5141,41628,1271,722,34,354,12,2381,367,2513,285,93,302
226,6001422200,3202,93432,2125,151,29,405,4,29,459,1375,77,82,19
227,6085511501,4738,133889,3353,0,114,893,0,235,143,2321,152,148,157
228,6013303105,2575,95758,1534,253,0,335,0,311,142,1257,0,27,75
229,6085502202,2802,101071,1793,144,15,411,0,191,248,1094,47,36,28
230,6085503105,2466,47411,386,0,0,1418,0,542,120,1160,59,44,81
231,6085503105,2466,47411,386,0,0,1418,0,542,120,1160,59,44,81
232,6085503105,2466,47411,386,0,0,1418,0,542,120,1160,59,44,81
233,6085503337,4186,100977,487,205,172,2921,15,217,169,1872,88,105,52
234,6001433600,5966,54000,1923,389,142,1861,370,717,564,3144,96,224,337
235,6085509600,3562,199485,2010,49,9,1041,0,181,272,1919,128,50,70
236,6041102203,5800,69498,3541,269,0,320,0,1426,244,2789,324,86,104
237,6041130204,2287,101250,2115,0,0,105,0,29,38,1057,0,36,15
238,6085503105,2466,47411,386,0,0,1418,0,542,120,1160,59,44,81
239,6075025501,4348,141912,1511,88,0,1628,0,984,137,2140,40,111,187
240,6075011700,1727,73854,703,34,0,693,0,113,184,935,17,112,26
241,6001983200,587,161625,370,67,6,114,2,10,18,315,5,0,0
242,6013303202,8126,140850,5956,878,0,320,0,208,764,3720,110,334,312
243,6041125000,4252,105932,3248,71,0,493,23,126,291,1877,178,172,101
244,6001451104,7280,156463,4311,103,20,1823,68,526,429,3814,393,330,285
245,6085503712,4745,61860,904,21,73,1809,0,1132,806,2206,48,102,151
246,6001405600,3171,70909,919,587,102,967,0,327,269,1593,66,82,33
247,6075011001,2796,102536,1569,68,0,1124,0,35,0,1203,59,7,9
248,6085503105,2466,47411,386,0,0,1418,0,542,120,1160,59,44,81
249,6001420302,2561,84728,864,81,39,921,0,360,296,1159,79,50,74
250,6075026100,7518,103043,1042,114,44,5005,144,909,260,4000,172,237,213
251,6055201005,2407,101875,896,77,9,685,0,301,439,1101,35,87,92
252,6085505203,5909,130196,3828,133,32,1356,12,257,291,2817,120,37,0
253,6075013001,1972,168005,1755,0,25,173,0,0,19,1047,0,45,0
254,6041111001,762,81893,651,0,0,76,0,35,0,376,0,0,0
255,6055201005,2407,101875,896,77,9,685,0,301,439,1101,35,87,92
256,6001442502,3903,107905,851,69,33,1926,52,837,135,2052,78,51,216
257,6075017804,4382,130980,1528,236,7,1899,10,478,224,2156,0,65,15
258,6085508708,3880,189908,901,23,0,2721,0,0,235,2399,324,62,0
259,6085512100,1468,85000,888,0,0,279,0,122,179,755,57,31,91
260,6075010101,2045,73656,919,17,0,965,0,85,59,964,13,12,0
261,6085505006,12242,169080,2873,268,0,8787,0,120,194,6777,495,477,49
262,6085501800,4934,118203,3410,86,95,412,0,555,376,2289,173,141,111
263,6085508602,5153,143029,2965,14,82,1562,22,150,358,2748,74,117,99
264,6075061101,1913,20159,80,0,0,1808,0,0,25,1010,0,15,42
265,6085500300,3789,128500,2328,163,5,639,13,300,341,2210,135,43,60
266,6081612600,4537,140795,3482,28,31,753,2,94,147,1989,194,162,21
267,6075012002,2196,74603,922,197,10,699,0,149,219,1395,0,29,30
268,6001405000,3444,133050,2070,463,0,416,0,77,418,1573,117,111,24
269,6085500901,4326,95903,1489,290,8,2083,0,300,156,2307,0,10,20
270,6085504509,4094,170739,152,133,26,3730,0,9,44,2042,87,154,10
271,6001408800,6622,29024,691,2503,31,363,144,2171,719,3016,374,264,329
272,6041112202,5658,70870,1848,11,173,326,0,3226,74,2696,263,123,209
273,6013343001,5585,135457,4271,17,1,387,27,110,772,2811,18,77,157
274,6085500901,4326,95903,1489,290,8,2083,0,300,156,2307,0,10,20
275,6085507100,3159,153269,2676,0,0,291,0,21,171,1657,94,120,140
276,6013327001,3445,73680,1948,358,35,142,0,758,204,1496,64,36,20
277,6013341000,5056,152923,3629,58,53,840,0,95,381,2225,89,131,77
278,6085509801,5489,139338,3483,55,22,1399,0,116,414,2547,75,158,196
279,6075020202,4201,114647,2293,211,553,477,38,126,503,2323,41,176,0
280,6001450743,7056,135708,1624,288,166,4043,13,307,615,3884,233,403,259
281,6085501902,3236,118246,1372,133,35,917,0,445,334,1637,58,14,104
282,6075061502,1703,102362,1282,31,0,260,4,56,70,1059,99,0,0
283,6075017700,1877,151406,911,34,52,412,0,353,115,1043,84,18,16
284,6041111001,762,81893,651,0,0,76,0,35,0,376,0,0,0
285,6041119201,3611,75070,2690,45,9,359,0,336,172,1394,50,62,70
286,6077005405,3520,79440,1988,168,0,387,0,591,386,1953,116,152,76
287,6085504318,6840,108188,1497,124,25,3349,104,845,896,3846,154,156,328
288,6085504802,5165,109783,1612,84,32,2469,44,815,109,2772,241,108,79
289,6001451104,7280,156463,4311,103,20,1823,68,526,429,3814,393,330,285
290,6001437900,2345,95577,551,207,83,489,189,736,90,1126,51,80,68
291,6013313104,2740,48316,1093,170,59,571,0,488,359,1463,83,33,54
292,6085505006,12242,169080,2873,268,0,8787,0,120,194,6777,495,477,49
293,6085505006,12242,169080,2873,268,0,8787,0,120,194,6777,495,477,49
294,6075020102,2860,114375,1539,253,16,723,0,198,131,1913,0,0,18
295,6085502400,7048,132398,5350,46,32,710,0,473,437,3330,172,237,154
296,6001436602,4765,66389,1249,620,0,1033,75,976,812,2435,244,113,278
297,6001444500,7537,114453,2215,260,82,1952,61,1986,981,3594,352,306,139
298,6075011901,2390,113875,1443,55,0,542,21,100,229,1268,0,0,9
299,6001435500,4192,60714,1846,557,58,316,109,1115,191,1995,26,182,164
300,6001426200,4750,220521,3506,168,0,751,19,9,297,2206,105,224,204
301,6085506502,4199,108571,2725,251,0,380,0,287,556,2043,94,205,74
302,6075023400,3873,69063,664,666,0,1204,104,866,369,1959,147,100,143
303,6097150100,2560,127458,2294,0,0,94,0,102,70,1244,32,63,37
304,6013357000,3320,88009,2618,166,11,90,0,218,217,1631,42,81,10
305,6085502103,4675,68304,2004,605,12,661,0,871,522,2261,78,144,211
306,6013363000,7445,86830,3478,1635,21,1584,0,287,440,3921,115,293,74
307,6081604200,4585,99417,1197,34,2,974,196,1536,646,2225,115,166,131
308,6085504318,6840,108188,1497,124,25,3349,104,845,896,3846,154,156,328
309,6001437101,7516,115083,1592,544,106,3057,370,1270,577,4043,92,138,259
310,6075013001,1972,168005,1755,0,25,173,0,0,19,1047,0,45,0
311,6081602202,2945,76815,751,19,0,768,0,1375,32,1562,69,125,65
312,6041102203,5800,69498,3541,269,0,320,0,1426,244,2789,324,86,104
313,6081610302,3954,111632,1947,88,45,584,63,1063,164,1883,114,183,66
314,6001438203,4029,100417,837,142,19,2101,187,605,138,1876,15,42,126
315,6085509304,3197,135556,1765,22,109,911,0,241,149,1551,70,73,93
316,6081605100,3269,137188,1995,248,0,717,0,103,206,1540,90,92,29
317,6075030201,4552,104750,2077,86,0,1359,11,587,432,2235,130,91,28
318,6013374000,4791,70385,2175,712,0,437,0,1275,192,2429,142,93,220
319,6085502901,6210,134464,4223,71,65,1182,0,215,454,2989,323,231,118
320,6075012405,3381,113975,1457,379,40,917,46,82,460,2100,0,13,0
321,6077005311,3118,50871,1584,85,8,355,0,594,492,1731,197,206,192
322,6075023200,4326,102938,638,1053,9,1168,0,1286,172,2083,96,101,75
323,6013378000,3412,109981,2572,188,0,311,0,119,222,1596,64,35,19
324,6075042601,4159,90391,1924,160,5,1481,0,117,472,2032,30,14,137
325,6081610601,6272,63333,2497,95,18,293,0,2144,1225,3061,255,389,147
326,6055201005,2407,101875,896,77,9,685,0,301,439,1101,35,87,92
327,6095251802,2965,20556,775,1264,0,273,3,442,208,1373,35,77,180
328,6081600600,5416,90992,1241,127,0,2829,0,991,228,2821,44,143,88
329,6001406100,4721,65893,1543,444,283,792,27,1366,266,2601,174,0,139
330,6001423000,4932,81549,2989,319,15,1299,0,105,205,2690,126,116,98
331,6013305000,6078,43974,2614,948,50,608,0,900,958,2807,195,179,195
332,6013338201,4095,157721,3021,205,0,624,0,24,221,1986,59,176,141
333,6075060703,5238,171797,2352,72,0,2279,132,212,191,2329,41,71,57
334,6055201005,2407,101875,896,77,9,685,0,301,439,1101,35,87,92
335,6075018000,3504,160469,1490,367,39,856,16,184,552,2275,59,141,0
336,6095252305,5574,110068,3240,401,9,1228,0,341,355,2619,135,141,251
337,6095252305,5574,110068,3240,401,9,1228,0,341,355,2619,135,141,251
338,6041111002,4070,84551,3449,56,0,121,0,363,81,2117,55,58,68
339,6077005310,4671,80733,2901,104,7,430,0,556,673,2195,178,62,288
340,6013308001,7951,70414,3816,800,40,476,73,1061,1685,3847,141,121,177
341,6041103200,7686,108150,5272,398,0,772,0,590,654,3910,152,77,322
342,6075030900,6803,183421,2905,77,32,2929,2,113,745,2877,19,137,150
343,6075010600,3426,65703,1253,38,0,1887,0,40,208,1965,0,29,61
344,6013306003,5073,55714,2298,501,102,439,0,1130,603,2380,102,101,134
345,6085511501,4738,133889,3353,0,114,893,0,235,143,2321,152,148,157
346,6075013500,2552,137250,1901,39,21,440,0,25,126,1247,60,20,65
347,6085500901,4326,95903,1489,290,8,2083,0,300,156,2307,0,10,20
348,6001406100,4721,65893,1543,444,283,792,27,1366,266,2601,174,0,139
349,6075010101,2045,73656,919,17,0,965,0,85,59,964,13,12,0
350,6085509801,5489,139338,3483,55,22,1399,0,116,414,2547,75,158,196
351,6001401700,3210,124007,1365,563,0,524,29,366,363,1845,61,265,0
352,6041112202,5658,70870,1848,11,173,326,0,3226,74,2696,263,123,209
353,6085502302,3524,104777,2137,74,7,263,0,315,728,1535,48,143,62
354,6085504802,5165,109783,1612,84,32,2469,44,815,109,2772,241,108,79
355,6001407000,5780,67000,1364,1090,53,1290,0,913,1070,2559,197,34,151
356,6081610700,5926,109201,3325,0,0,796,9,1624,172,3410,195,84,111
357,6077003210,2618,78239,1265,184,141,285,0,63,680,1144,43,20,64
358,6075011102,2141,95441,1056,129,2,863,0,0,91,1104,0,1,0
359,6085503601,3451,72206,1147,55,76,825,0,938,410,1917,122,98,174
360,6041111001,762,81893,651,0,0,76,0,35,0,376,0,0,0
361,6001440301,7805,102750,2592,316,9,2446,97,1568,777,4047,149,288,337
362,6041105002,2873,102448,1988,85,0,432,5,193,170,1417,98,126,89
363,6085501902,3236,118246,1372,133,35,917,0,445,334,1637,58,14,104
364,6013369001,7241,53349,2351,850,0,2145,2,1633,260,3584,243,173,334
365,6001422800,9229,20579,3128,383,71,4328,69,567,683,4077,0,0,12
366,6013378000,3412,109981,2572,188,0,311,0,119,222,1596,64,35,19
367,6081603900,5852,132756,3205,124,16,1709,42,519,237,2778,112,57,148
368,6085505006,12242,169080,2873,268,0,8787,0,120,194,6777,495,477,49
369,6001450101,6163,149698,1972,192,18,3390,6,240,345,3133,224,246,163
370,6001438100,8447,128906,1979,496,103,3335,37,1873,624,4321,467,225,179
371,6001407300,2461,66875,949,219,4,87,0,1129,73,1373,35,52,80
372,6055201005,2407,101875,896,77,9,685,0,301,439,1101,35,87,92
373,6041117000,4250,130975,3926,72,0,141,0,37,74,2221,122,273,200
374,6081610000,4853,134919,3648,38,14,630,0,346,177,2373,104,98,183
375,6001444304,5445,128889,839,240,40,2254,119,1555,398,2823,168,87,114
376,6001437101,7516,115083,1592,544,106,3057,370,1270,577,4043,92,138,259
377,6001420302,2561,84728,864,81,39,921,0,360,296,1159,79,50,74
378,6075020300,3651,162059,2559,130,8,472,0,234,248,2284,39,43,15
379,6077004106,1897,93068,1436,0,8,174,0,22,257,976,40,65,101
380,6085502603,2858,164375,2223,15,5,325,0,95,195,1416,112,88,83
381,6001450400,7757,133109,3858,215,72,2545,48,223,796,3660,199,210,177
382,6013305000,6078,43974,2614,948,50,608,0,900,958,2807,195,179,195
383,6075017803,2458,53790,1020,0,0,866,72,284,216,1620,114,77,41
384,6077000102,2180,15853,880,659,0,108,46,196,291,1087,75,110,93
385,6095252000,5023,89974,4354,1,0,310,0,138,220,2363,109,68,139
386,6001406100,4721,65893,1543,444,283,792,27,1366,266,2601,174,0,139
387,6085504311,7547,169659,724,5,0,6254,0,281,283,4094,205,152,116
388,6095250900,2787,38214,578,1364,18,528,0,76,223,1169,324,35,24
389,6001402900,1486,30599,388,213,2,708,0,89,86,703,6,0,0
390,6001401100,4269,83649,2397,450,0,676,11,202,533,2103,55,81,118
391,6075980900,242,90733,116,19,0,84,0,7,16,160,7,0,0
392,6081607400,4806,105972,2768,61,0,1055,0,360,562,2304,143,155,113
393,6085509801,5489,139338,3483,55,22,1399,0,116,414,2547,75,158,196
394,6013336101,4996,80465,1645,328,56,337,655,1700,275,2862,269,67,178
395,6013349000,5293,116691,4190,56,24,648,0,0,375,2588,45,295,261
396,6013309000,3541,60556,1356,892,0,293,33,621,346,1778,122,115,97
397,6077001600,2370,43750,1715,26,0,116,0,283,230,1287,45,125,214
398,6001441200,6831,128608,2801,118,19,3113,0,434,346,3395,238,132,244
399,6077000700,4680,31939,2818,231,10,445,0,793,383,2215,177,186,104
400,6001440301,7805,102750,2592,316,9,2446,97,1568,777,4047,149,288,337
401,6041105002,2873,102448,1988,85,0,432,5,193,170,1417,98,126,89
402,6085501902,3236,118246,1372,133,35,917,0,445,334,1637,58,14,104
403,6013369001,7241,53349,2351,850,0,2145,2,1633,260,3584,243,173,334
404,6001422800,9229,20579,3128,383,71,4328,69,567,683,4077,0,0,12
405,6013378000,3412,109981,2572,188,0,311,0,119,222,1596,64,35,19
406,6081603900,5852,132756,3205,124,16,1709,42,519,237,2778,112,57,148
407,6085505006,12242,169080,2873,268,0,8787,0,120,194,6777,495,477,49
408,6001450101,6163,149698,1972,192,18,3390,6,240,345,3133,224,246,163
409,6001438100,8447,128906,1979,496,103,3335,37,1873,624,4321,467,225,179
410,6001407300,2461,66875,949,219,4,87,0,1129,73,1373,35,52,80
411,6055201005,2407,101875,896,77,9,685,0,301,439,1101,35,87,92
412,6041117000,4250,130975,3926,72,0,141,0,37,74,2221,122,273,200
413,6081610000,4853,134919,3648,38,14,630,0,346,177,2373,104,98,183
414,6001444304,5445,128889,839,240,40,2254,119,1555,398,2823,168,87,114
415,6001437101,7516,115083,1592,544,106,3057,370,1270,577,4043,92,138,259
416,6001420302,2561,84728,864,81,39,921,0,360,296,1159,79,50,74
417,6075020300,3651,162059,2559,130,8,472,0,234,248,2284,39,43,15
418,6077004106,1897,93068,1436,0,8,174,0,22,257,976,40,65,101
419,6075017803,2458,53790,1020,0,0,866,72,284,216,1620,114,77,41
420,6077000102,2180,15853,880,659,0,108,46,196,291,1087,75,110,93
421,6095252000,5023,89974,4354,1,0,310,0,138,220,2363,109,68,139
422,6001406100,4721,65893,1543,444,283,792,27,1366,266,2601,174,0,139
423,6085504311,7547,169659,724,5,0,6254,0,281,283,4094,205,152,116
424,6095250900,2787,38214,578,1364,18,528,0,76,223,1169,324,35,24
425,6001402900,1486,30599,388,213,2,708,0,89,86,703,6,0,0
426,6001401100,4269,83649,2397,450,0,676,11,202,533,2103,55,81,118
427,6081607400,4806,105972,2768,61,0,1055,0,360,562,2304,143,155,113
428,6085509801,5489,139338,3483,55,22,1399,0,116,414,2547,75,158,196
429,6013336101,4996,80465,1645,328,56,337,655,1700,275,2862,269,67,178
430,6013349000,5293,116691,4190,56,24,648,0,0,375,2588,45,295,261
431,6013309000,3541,60556,1356,892,0,293,33,621,346,1778,122,115,97
432,6001404600,4936,176800,3303,266,0,627,137,70,533,2248,86,130,171
433,6077001600,2370,43750,1715,26,0,116,0,283,230,1287,45,125,214
434,6001441200,6831,128608,2801,118,19,3113,0,434,346,3395,238,132,244
435,6077000700,4680,31939,2818,231,10,445,0,793,383,2215,177,186,104
436,6055201005,2407,101875,896,77,9,685,0,301,439,1101,35,87,92
437,6001409300,5153,46864,674,1210,119,103,17,2698,332,2433,236,117,219
438,6001433700,3180,77177,1095,158,12,587,191,851,286,1435,102,45,76
439,6085506305,6599,79352,2753,1249,34,1155,76,1234,98,3374,419,92,303
440,6095252102,4292,96713,2837,59,13,376,45,176,786,2161,372,134,86
441,6013324004,2468,92819,1570,76,0,600,0,50,172,1285,74,136,15
442,6013379000,7128,52891,1565,1436,29,102,0,2724,1272,3642,299,380,347
443,6001409000,4756,53580,293,1456,55,252,0,2486,214,2512,313,128,125
444,6075020202,4201,114647,2293,211,553,477,38,126,503,2323,41,176,0
445,6081602800,4908,139049,1774,177,60,1744,220,459,474,2228,135,115,109
446,6085507302,2846,245517,1680,12,4,867,0,41,242,1389,17,54,91
447,6075011002,2266,124457,1259,4,0,910,0,14,79,1067,36,0,0
448,6041106001,4584,92949,3128,67,13,776,0,313,287,2027,20,190,159
449,6085501601,4181,82770,1274,64,0,624,32,1658,529,2252,168,129,104
450,6075018000,3504,160469,1490,367,39,856,16,184,552,2275,59,141,0
451,6013309000,3541,60556,1356,892,0,293,33,621,346,1778,122,115,97
452,6013316000,1084,33984,615,198,0,11,0,132,128,448,25,20,30
453,6001408700,7536,49679,917,2922,29,404,0,2907,357,3114,216,258,291
454,6013354002,7143,250001,5816,61,0,638,0,83,545,3317,34,161,194
455,6075011700,1727,73854,703,34,0,693,0,113,184,935,17,112,26
456,6001435400,4584,67714,1734,890,14,868,111,551,416,2221,115,66,46
457,6085506801,5656,157222,4504,35,0,777,0,29,311,2788,112,172,244
458,6013350000,6290,162059,4564,42,16,957,50,144,517,3147,177,279,171
459,6075025300,4601,149353,2384,48,31,611,0,1112,415,2405,124,74,103
460,6013386000,3669,53281,1350,246,74,1462,44,113,380,1585,28,17,72
461,6001408800,6622,29024,691,2503,31,363,144,2171,719,3016,374,264,329
462,6001403000,2850,30219,245,110,33,2182,110,34,136,1211,0,9,31
463,6075012001,1938,60056,960,0,43,440,0,117,378,1403,95,0,0
464,6075011300,2920,36731,597,0,0,2222,0,9,92,1409,61,30,67
465,6001403000,2850,30219,245,110,33,2182,110,34,136,1211,0,9,31
466,6041127000,4660,190234,4121,104,0,234,0,0,201,2131,49,71,88
467,6013302009,6834,108800,1755,1587,0,1740,9,1067,676,3360,293,81,199
468,6077005131,7603,69639,4715,928,68,442,42,746,662,5396,190,123,66
469,6095250900,2787,38214,578,1364,18,528,0,76,223,1169,324,35,24
470,6085502101,5309,112500,2788,193,108,1232,182,246,560,2569,200,145,160
471,6085500901,4326,95903,1489,290,8,2083,0,300,156,2307,0,10,20
472,6041109001,3907,101424,2878,54,0,245,0,406,324,1922,63,83,153
473,6013327001,3445,73680,1948,358,35,142,0,758,204,1496,64,36,20
474,6075012100,3586,75316,1895,166,0,1034,0,152,339,1668,14,0,30
475,6013302009,6834,108800,1755,1587,0,1740,9,1067,676,3360,293,81,199
476,6085500901,4326,95903,1489,290,8,2083,0,300,156,2307,0,10,20
477,6075061200,3769,90099,657,999,24,1080,0,870,139,2098,24,61,78
478,6085501602,3792,55550,1344,116,67,595,0,1518,152,2253,73,106,35
479,6075013002,2755,174617,2177,0,16,269,0,28,265,1243,209,0,40
480,6067004701,3659,40536,578,376,29,853,94,774,955,1608,229,167,176
481,6077003307,4842,43563,1650,418,109,1071,10,397,1187,2252,156,168,169
482,6097151205,2596,77220,1915,7,0,160,47,282,185,1270,18,24,116
483,6087121100,3242,86875,2823,2,0,101,0,50,266,1670,71,113,78
484,6097151307,5542,106550,4473,35,0,242,0,378,414,2852,207,200,84
485,6099001800,2369,24786,1563,247,17,16,20,125,381,1250,200,60,32
486,6095252604,3937,76171,1962,904,0,409,0,180,482,1954,124,60,161
487,6077005405,3520,79440,1988,168,0,387,0,591,386,1953,116,152,76
488,6075011901,2390,113875,1443,55,0,542,21,100,229,1268,0,0,9
489,6095252502,1725,56563,664,469,4,187,0,205,196,961,38,95,24
490,6055201006,3308,125771,1714,179,8,857,0,94,456,1737,72,54,123
491,6077000102,2180,15853,880,659,0,108,46,196,291,1087,75,110,93
492,6001420302,2561,84728,864,81,39,921,0,360,296,1159,79,50,74
493,6085503208,3858,126058,1640,32,5,1228,0,583,370,1882,139,101,92
494,6067009642,1528,71133,398,63,0,667,111,76,213,646,17,39,0
495,6013305000,6078,43974,2614,948,50,608,0,900,958,2807,195,179,195
496,6077005004,5979,88958,4559,72,27,104,6,256,955,3037,385,210,267
497,6067009308,6973,78868,5044,216,176,580,0,357,600,2993,105,355,264
498,6085505600,4623,91786,2842,167,11,1201,7,157,238,2335,70,101,48
499,6099001601,4641,43077,2934,139,11,440,0,529,588,2433,262,211,324
500,6097154306,1562,66671,1478,28,5,8,0,38,5,797,10,11,22
501,6077001300,5176,57539,2785,545,83,172,0,575,1016,2230,44,100,251
502,6081609000,2464,113068,1496,138,43,381,0,167,239,1109,49,113,42
503,6077000102,2180,15853,880,659,0,108,46,196,291,1087,75,110,93
504,6095252702,7328,68490,2909,1506,0,1561,32,305,1015,3872,183,328,560
505,6075061101,1913,20159,80,0,0,1808,0,0,25,1010,0,15,42
506,6075033002,3986,152723,1588,16,0,1996,0,23,363,2109,108,146,80
507,6067009800,1476,39750,1268,8,12,39,0,57,92,756,0,6,47
508,6085512513,3860,93156,2328,0,0,247,0,816,469,1977,75,196,158
509,6001983200,587,161625,370,67,6,114,2,10,18,315,5,0,0
510,6075012404,2443,24685,1184,364,6,465,12,356,56,1516,0,0,27
511,6097154306,1562,66671,1478,28,5,8,0,38,5,797,10,11,22
512,6077003111,4245,58209,1555,602,0,881,0,338,869,2121,109,72,56
513,6085512513,3860,93156,2328,0,0,247,0,816,469,1977,75,196,158
514,6001409400,5141,41628,1271,722,34,354,12,2381,367,2513,285,93,302
515,6087100300,3888,132500,3168,79,15,357,0,37,232,1811,52,43,83
516,6075012100,3586,75316,1895,166,0,1034,0,152,339,1668,14,0,30
517,6013345205,5178,133981,2813,16,0,1781,0,198,370,2865,297,313,275
518,6001409000,4756,53580,293,1456,55,252,0,2486,214,2512,313,128,125
519,6075022704,3421,235139,2111,22,0,774,0,32,482,1819,112,45,28
520,6013345203,7173,133086,6335,118,1,424,0,80,215,3356,78,343,371
521,6075061101,1913,20159,80,0,0,1808,0,0,25,1010,0,15,42
522,6085500901,4326,95903,1489,290,8,2083,0,300,156,2307,0,10,20
523,6001450743,7056,135708,1624,288,166,4043,13,307,615,3884,233,403,259
524,6097153709,1566,87484,1329,7,0,54,0,30,146,802,17,0,17
525,6081613600,6269,141500,5308,18,27,145,0,146,625,3194,279,136,145
526,6075011700,1727,73854,703,34,0,693,0,113,184,935,17,112,26
527,6099001100,4221,45926,3111,242,0,321,0,358,189,2100,136,74,257
528,6085500901,4326,95903,1489,290,8,2083,0,300,156,2307,0,10,20
529,6001444500,7537,114453,2215,260,82,1952,61,1986,981,3594,352,306,139
530,6085511501,4738,133889,3353,0,114,893,0,235,143,2321,152,148,157
531,6077003108,5392,64805,2517,480,0,502,0,684,1209,2664,489,329,226
532,6075010102,1920,85675,555,362,0,801,0,175,27,931,0,0,89
533,6001433700,3180,77177,1095,158,12,587,191,851,286,1435,102,45,76
534,6087122402,4331,120988,3019,0,0,85,0,768,459,2093,0,0,115
535,6085512100,1468,85000,888,0,0,279,0,122,179,755,57,31,91
536,6001442502,3903,107905,851,69,33,1926,52,837,135,2052,78,51,216
537,6081610601,6272,63333,2497,95,18,293,0,2144,1225,3061,255,389,147
538,6097153707,1642,60463,1405,0,0,52,0,0,185,912,32,54,27
539,6041112202,5658,70870,1848,11,173,326,0,3226,74,2696,263,123,209
540,6001450101,6163,149698,1972,192,18,3390,6,240,345,3133,224,246,163
541,6095250105,6983,103567,1360,1190,34,3468,36,467,428,3193,51,242,247